"Status","Start Time","Stop Time","Duration in ms","Parent Suite","Suite","Sub Suite","Test Class","Test Method","Name","Description"
"skipped","Fri Oct 09 21:04:12 UTC 2026","Fri Oct 09 21:04:12 UTC 2026","1","chromium","03_login.spec.js","","","","User login without filled username field should be error",""
"passed","Fri Oct 09 21:04:05 UTC 2026","Fri Oct 09 21:04:06 UTC 2026","1556","chromium","01_login.spec.js","","","","User should be able to login",""
"passed","Fri Oct 09 21:04:07 UTC 2026","Fri Oct 09 21:04:08 UTC 2026","1363","chromium","02_addUser.spec.js","","","","User not able to add username with fill age with 0",""
"skipped","Fri Oct 09 21:04:12 UTC 2026","Fri Oct 09 21:04:12 UTC 2026","0","chromium","03_login.spec.js","","","","User login with valid data should be success",""
"skipped","Fri Oct 09 21:04:12 UTC 2026","Fri Oct 09 21:04:12 UTC 2026","0","chromium","03_login.spec.js","","","","User login without filled any field should be error",""
"skipped","Fri Oct 09 21:04:12 UTC 2026","Fri Oct 09 21:04:12 UTC 2026","1","chromium","03_login.spec.js","","","","User login with invalid data should be error",""
"skipped","Fri Oct 09 21:04:04 UTC 2026","Fri Oct 09 21:04:04 UTC 2026","2","chromium","01_addEmployee.spec.js","","","","User add Employee should be success",""
"skipped","Fri Oct 09 21:04:12 UTC 2026","Fri Oct 09 21:04:12 UTC 2026","1","chromium","02_newUser.spec.js","","","","User login with fresh user should be success",""
"skipped","Fri Oct 09 21:04:12 UTC 2026","Fri Oct 09 21:04:12 UTC 2026","0","chromium","03_login.spec.js","","","","User login without filled password field should be error",""
"passed","Fri Oct 09 21:04:08 UTC 2026","Fri Oct 09 21:04:10 UTC 2026","1962","chromium","02_addUser.spec.js","","","","User not able to add username with existing user",""
"passed","Fri Oct 09 21:04:10 UTC 2026","Fri Oct 09 21:04:12 UTC 2026","2086","chromium","02_addUser.spec.js","","","","User should be see confetti if input correct username",""
